{
  "epoch": [
    1,
    2
  ],
  "train_loss": [
    0.9144335885842642,
    0.7520751257737478
  ],
  "lr": [
    0.0003,
    0.0002997049959000266
  ],
  "eval_epoch": [
    1,
    2
  ],
  "eval_dice": [
    0.0,
    0.0
  ],
  "eval_precision": [
    0.0,
    0.0
  ],
  "eval_recall": [
    0.0,
    0.0
  ]
}